{
    "train_r2": 0.6854887008666992,
    "test_r2": 0.6079995632171631,
    "test_mae": 235658.578125,
    "test_rmse": 333551.10317910806,
    "overfitting": 0.07748913764953613,
    "cv_mean": 0.5717008590698243,
    "cv_std": 0.04195724572776018,
    "timestamp": "2025-12-06 18:31:23"
}