{
    "train_r2": 0.692293643951416,
    "test_r2": 0.6052746772766113,
    "test_mae": 231095.203125,
    "test_rmse": 336787.2043175037,
    "overfitting": 0.08701896667480469,
    "cv_mean": 0.5851600885391235,
    "cv_std": 0.02678278410585499,
    "timestamp": "2025-12-09 18:27:47"
}