{
    "model_name": "XGBBoost",
    "train_r2": 0.8600473999977112,
    "test_r2": 0.8206006288528442,
    "test_mae": 368837.90625,
    "test_rmse": 606192.4322325379,
    "timestamp": "2025-12-03T13:51:13.392905"
}