{
    "model_name": "XGBBoost",
    "train_r2": 0.8336796164512634,
    "test_r2": 0.7418118715286255,
    "test_mae": 9128054.0,
    "test_rmse": 30035211.406262483,
    "timestamp": "2025-12-03T19:42:25.169482"
}