{
    "train_r2": 0.41927623748779297,
    "test_r2": 0.36865657567977905,
    "test_mae": 67701640.0,
    "test_rmse": 90600595.71989721,
    "overfitting": 0.050619661808013916,
    "cv_mean": 0.3658909201622009,
    "cv_std": 0.024497768534494486,
    "timestamp": "2025-12-06 18:31:23"
}