{
    "train_r2": 0.4137805700302124,
    "test_r2": 0.35128217935562134,
    "test_mae": 70239656.0,
    "test_rmse": 92605884.17386705,
    "overfitting": 0.062498390674591064,
    "cv_mean": 0.36695979833602904,
    "cv_std": 0.05038956002073341,
    "timestamp": "2025-12-09 18:27:47"
}